{
  "categorization": {
    "type": "APPLICATION",
    "category": "Business"
  },
  "description": {
    "texts": {
      "title": "Sudoku Solver",
      "features": [
        "Is very fast"
      ],
      "short-description": "Solves suduko puzzles",
      "full-description": "Solves suduko puzzles",
      "keywords": "Sudoku solver",
      "recent-changes": "",
      "privacy-policy": "",
      "eula": ""
    },
    "images": {
      "screenshots": [],
      "app-icon-small": "",
      "app-icon": "",
      "small-promo": "",
      "large-promo": ""
    },
    "videos": {
      "video-url": ""
    }
  },
  "packages": {
    "apk-file": "",
    "zip-xdk-compliant": false,
    "zip-file": "",
    "secondary-apk-file": ""
  },
  "support": {
    "email": "fowlers.four@gmail.com",
    "website": ""
  },
  "testing-instructions": "none"
}